vanbanId:ID,loaiVanBan,trichYeu,ngayBanHanh,:LABEL
Luật giao dịch điện tử số 51/2005/QH11 ngày 29/11/2005 do Quốc Hội ban hành,Văn bản,Luật giao dịch điện tử số 51/2005/QH11 ngày 29/11/2005 do Quốc Hội ban hành,29/11/2005,VanBan
Nghị định số 130/2018/NĐ-CP của Chính phủ,Văn bản,Nghị định số 130/2018/NĐ-CP của Chính phủ,27/09/2018,VanBan
Nghị định số 47/2020/NĐ-CP của Chính phủ,Văn bản,Nghị định số 47/2020/NĐ-CP của Chính phủ,09/04/2020,VanBan
Nghị định số 13/2023/NĐ-CP của Chính phủ,Văn bản,Nghị định số 13/2023/NĐ-CP của Chính phủ,17/04/2023,VanBan
Nghị định số 85/2016/NĐ-CP của Chính phủ,Văn bản,Nghị định số 85/2016/NĐ-CP của Chính phủ,01/7/2016,VanBan
Thông tư số 12/2022/TT-BTTTT của Bộ Thông tin và truyền thông,Văn bản,Thông tư số 12/2022/TT-BTTTT của Bộ Thông tin và truyền thông,12/08/2022,VanBan
Thông tư số 41/2017/TT-BTTTT của Bộ Thông tin và truyền thông,Văn bản,Thông tư số 41/2017/TT-BTTTT của Bộ Thông tin và truyền thông,19/12/2017,VanBan
Thông tư số 27/2020/TT-BGDĐT của Bộ Giáo dục và đào tạo,Văn bản,Thông tư số 27/2020/TT-BGDĐT của Bộ Giáo dục và đào tạo,04/9/2020,VanBan
Thông tư số 42/2021/TT-BGDĐT của Bộ Giáo dục và đào tạo,Văn bản,Thông tư số 42/2021/TT-BGDĐT của Bộ Giáo dục và đào tạo,30/12/2021,VanBan
Quyết định số 4998/QĐ-BGDĐT của Bộ Giáo dục và đào tạo,Văn bản,Quyết định số 4998/QĐ-BGDĐT của Bộ Giáo dục và đào tạo,31/12/2021,VanBan
